,Rndrng_NPI,Tot_HCPCS_Cds,Tot_Benes,Tot_Srvcs,Tot_Sbmtd_Chrg,Tot_Mdcr_Pymt_Amt,Bene_Avg_Risk_Scre
count,2317410.0,2317410.0,2317410.0,2317410.0,2317410.0,2317410.0,2317410.0
mean,1499893430.355115,29.133262133157274,322.1729132954462,2666.661661768972,347783.9099636611,87724.59995459976,1.6707325249307903
std,287915563.7915847,31.696286145340345,2939.4451147857317,50498.47402894599,2690414.3627658435,585627.9188358592,0.8554166969557411
min,1003000134.0,1.0,11.0,11.0,0.4,0.0,0.3278
25%,1245871599.75,9.0,60.0,171.0,31449.412500000002,9971.6475,1.0785
50%,1497995927.0,18.0,153.0,476.0,106692.0,28069.495,1.428
75%,1750300703.0,38.0,332.0,1362.0,300337.875,73554.0625,2.052
max,1992999874.0,795.0,1785552.0,34656131.0,1218400848.9,246747769.72,14.464
