,Tot_Clms,Tot_30day_Fills,Tot_Drug_Cst,Tot_Day_Suply,Tot_Benes
count,2495768.0,2495768.0,2495768.0,2495768.0,2495768.0
mean,1201.3132286334308,2069.7251299800523,152880.35252322222,57857.49633739995,152.7372472120806
std,2921.207903589305,4893.348463404478,440129.040636046,137906.47231911047,375.1026457887057
min,11.0,11.0,0.0,11.0,11.0
25%,53.0,64.0,1559.1875,963.0,38.0
50%,191.0,237.46666667,10526.71,4736.0,84.0
75%,942.0,1437.7,110465.66,39043.0,184.0
max,465488.0,466004.03333,39342985.66,5598093.0,183853.0
